,accuracy,precision,recall,accuracy,precision,recall
WClassCB,0.961375,0.9613104486000439,0.9614974862361608,0.986875,0.9868767925455397,0.9868854318013119
WClassVL,0.995125,0.9951347400810515,0.9951297220220849,0.998375,0.9983740134934955,0.998379356069206
WClassVP,0.978125,0.9784910976472934,0.9781381494344731,0.99025,0.990248673076252,0.9902752319155375
WClassVR,0.978125,0.9781508119864022,0.9781431083187351,0.989,0.9889933934170827,0.9890027907957627
WClassHLR,0.907625,0.9081102511710248,0.9076420958025562,0.9205,0.9204741289481335,0.9204847300253735
